fname,ground_truth,predict,fnam
,1,1,/content/face_occlusion_data/Test/1/629.jpg
,1,1,/content/face_occlusion_data/Test/1/365.jpg
,0,0,/content/face_occlusion_data/Test/0/165_27_000029.jpg
,1,1,/content/face_occlusion_data/Test/1/7093.jpg
,0,0,/content/face_occlusion_data/Test/0/150_7_000008.jpg
,1,1,/content/face_occlusion_data/Test/1/0_humanwearingsunglasses132.jpeg
,1,1,/content/face_occlusion_data/Test/1/external0_649622161.jpg
,1,1,/content/face_occlusion_data/Test/1/7458.jpg
,1,1,/content/face_occlusion_data/Test/1/external0_2019447998.jpg
,0,1,/content/face_occlusion_data/Test/0/2_2641347.jpg
,0,0,/content/face_occlusion_data/Test/0/142_3_000004.jpg
,0,0,/content/face_occlusion_data/Test/0/71_8_000009.jpg
,1,1,/content/face_occlusion_data/Test/1/2686.jpg
,1,1,/content/face_occlusion_data/Test/1/6323.jpg
,0,1,/content/face_occlusion_data/Test/0/5154.jpg
,1,1,/content/face_occlusion_data/Test/1/3950.jpg
,0,0,/content/face_occlusion_data/Test/0/56_11_000012.jpg
,1,1,/content/face_occlusion_data/Test/1/1153.jpg
,0,0,/content/face_occlusion_data/Test/0/56_4_000005.jpg
,0,0,/content/face_occlusion_data/Test/0/82_17_000018.jpg
,0,0,/content/face_occlusion_data/Test/0/74_12_000013.jpg
,1,1,/content/face_occlusion_data/Test/1/1156.jpg
,0,0,/content/face_occlusion_data/Test/0/152_8_000009.jpg
,0,0,/content/face_occlusion_data/Test/0/159_45_000046.jpg
,1,1,/content/face_occlusion_data/Test/1/7651.jpg
,1,1,/content/face_occlusion_data/Test/1/499.jpg
,0,0,/content/face_occlusion_data/Test/0/103_9_000010.jpg
,0,0,/content/face_occlusion_data/Test/0/23_1_000002.jpg
,1,1,/content/face_occlusion_data/Test/1/3180.jpg
,1,1,/content/face_occlusion_data/Test/1/7096.jpg
,0,0,/content/face_occlusion_data/Test/0/162_2_000003.jpg
,0,0,/content/face_occlusion_data/Test/0/40_2_000003.jpg
,1,1,/content/face_occlusion_data/Test/1/8035.jpg
,0,0,/content/face_occlusion_data/Test/0/0_29859796.jpg
,0,0,/content/face_occlusion_data/Test/0/36_11_000012.jpg
,0,0,/content/face_occlusion_data/Test/0/178_20_000023.jpg
,1,1,/content/face_occlusion_data/Test/1/6527.jpg
,0,0,/content/face_occlusion_data/Test/0/0_161606257.jpg
,1,1,/content/face_occlusion_data/Test/1/203.jpg
,0,0,/content/face_occlusion_data/Test/0/6338.jpg
,1,1,/content/face_occlusion_data/Test/1/2012.jpg
,0,0,/content/face_occlusion_data/Test/0/158_23_000024.jpg
,1,1,/content/face_occlusion_data/Test/1/906.jpg
,1,1,/content/face_occlusion_data/Test/1/4408.jpg
,0,0,/content/face_occlusion_data/Test/0/32_19_000020.jpg
,1,1,/content/face_occlusion_data/Test/1/2852.jpg
,1,1,/content/face_occlusion_data/Test/1/5077.jpg
,1,1,/content/face_occlusion_data/Test/1/1555.jpg
,1,1,/content/face_occlusion_data/Test/1/7469.jpg
,1,1,/content/face_occlusion_data/Test/1/3933.jpg
,0,0,/content/face_occlusion_data/Test/0/75_24_000025.jpg
,1,1,/content/face_occlusion_data/Test/1/473.jpg
,0,0,/content/face_occlusion_data/Test/0/127_13_000014.jpg
,0,0,/content/face_occlusion_data/Test/0/163_23_000024.jpg
,1,1,/content/face_occlusion_data/Test/1/2398.jpg
,1,1,/content/face_occlusion_data/Test/1/8802.jpg
,1,1,/content/face_occlusion_data/Test/1/0_humanwearingsunglasses331.jpeg
,1,1,/content/face_occlusion_data/Test/1/2823.jpg
,1,1,/content/face_occlusion_data/Test/1/2159.jpg
,0,0,/content/face_occlusion_data/Test/0/147_24_000025.jpg
,1,1,/content/face_occlusion_data/Test/1/7123.jpg
,1,1,/content/face_occlusion_data/Test/1/585.jpg
,1,1,/content/face_occlusion_data/Test/1/2815.jpg
,1,1,/content/face_occlusion_data/Test/1/321.jpg
,1,1,/content/face_occlusion_data/Test/1/1186.jpg
,0,0,/content/face_occlusion_data/Test/0/44_23_000024.jpg
,0,0,/content/face_occlusion_data/Test/0/1584.jpg
,0,0,/content/face_occlusion_data/Test/0/27_15_000016.jpg
,0,0,/content/face_occlusion_data/Test/0/48_36_000037.jpg
,0,0,/content/face_occlusion_data/Test/0/62_23_000024.jpg
,0,0,/content/face_occlusion_data/Test/0/88_31_000032.jpg
,1,1,/content/face_occlusion_data/Test/1/1439.jpg
,1,1,/content/face_occlusion_data/Test/1/3137.jpg
,1,1,/content/face_occlusion_data/Test/1/7128.jpg
,0,0,/content/face_occlusion_data/Test/0/30_60_000061.jpg
,0,0,/content/face_occlusion_data/Test/0/35_50_000051.jpg
,1,1,/content/face_occlusion_data/Test/1/6329.jpg
,0,0,/content/face_occlusion_data/Test/0/4263.jpg
,1,1,/content/face_occlusion_data/Test/1/968.jpg
,1,1,/content/face_occlusion_data/Test/1/7016.jpg
,1,1,/content/face_occlusion_data/Test/1/4277.jpg
,0,0,/content/face_occlusion_data/Test/0/163_41_000042.jpg
,0,0,/content/face_occlusion_data/Test/0/172_4_000005.jpg
,0,1,/content/face_occlusion_data/Test/0/193.jpg
,0,0,/content/face_occlusion_data/Test/0/125_44_000045.jpg
,0,0,/content/face_occlusion_data/Test/0/121_1_000002.jpg
,1,1,/content/face_occlusion_data/Test/1/5_19_000020.jpg
,0,0,/content/face_occlusion_data/Test/0/83_45_000046.jpg
,1,1,/content/face_occlusion_data/Test/1/7465.jpg
,1,1,/content/face_occlusion_data/Test/1/259.jpg
,1,1,/content/face_occlusion_data/Test/1/4463.jpg
,1,1,/content/face_occlusion_data/Test/1/7783.jpg
,1,1,/content/face_occlusion_data/Test/1/6880.jpg
,1,1,/content/face_occlusion_data/Test/1/8206.jpg
,1,1,/content/face_occlusion_data/Test/1/59.jpg
,1,1,/content/face_occlusion_data/Test/1/1569.jpg
,1,1,/content/face_occlusion_data/Test/1/200.jpg
,1,1,/content/face_occlusion_data/Test/1/5_humanwearingsunglasses534.jpeg
,0,0,/content/face_occlusion_data/Test/0/56_0_000001.jpg
,1,1,/content/face_occlusion_data/Test/1/537.jpg
,1,1,/content/face_occlusion_data/Test/1/1033.jpg
,0,0,/content/face_occlusion_data/Test/0/45_17_000018.jpg
,0,0,/content/face_occlusion_data/Test/0/37_0_000001.jpg
,0,0,/content/face_occlusion_data/Test/0/112_6_000007.jpg
,0,0,/content/face_occlusion_data/Test/0/96_46_000047.jpg
,0,0,/content/face_occlusion_data/Test/0/96_53_000054.jpg
,1,1,/content/face_occlusion_data/Test/1/0_humanwearingsunglasses107.jpeg
,1,1,/content/face_occlusion_data/Test/1/1905.jpg
,1,1,/content/face_occlusion_data/Test/1/2122.jpg
,1,1,/content/face_occlusion_data/Test/1/8516.jpg
,0,0,/content/face_occlusion_data/Test/0/17_35_000036.jpg
,1,1,/content/face_occlusion_data/Test/1/3050.jpg
,1,1,/content/face_occlusion_data/Test/1/7001.jpg
,0,0,/content/face_occlusion_data/Test/0/122_1_000002.jpg
,0,0,/content/face_occlusion_data/Test/0/63_1_000002.jpg
,0,0,/content/face_occlusion_data/Test/0/74_3_000004.jpg
,0,0,/content/face_occlusion_data/Test/0/49_9_000010.jpg
,0,0,/content/face_occlusion_data/Test/0/130_9_000010.jpg
,1,1,/content/face_occlusion_data/Test/1/4567.jpg
,0,0,/content/face_occlusion_data/Test/0/17_45_000046.jpg
,1,1,/content/face_occlusion_data/Test/1/924.jpg
,1,1,/content/face_occlusion_data/Test/1/external0_1708018522.jpg
,1,1,/content/face_occlusion_data/Test/1/0_humanwearingsunglasses35.jpeg
,0,0,/content/face_occlusion_data/Test/0/6375.jpg
,1,1,/content/face_occlusion_data/Test/1/31.jpg
,0,0,/content/face_occlusion_data/Test/0/5963.jpg
,0,0,/content/face_occlusion_data/Test/0/84_49_000050.jpg
,0,0,/content/face_occlusion_data/Test/0/99_14_000015.jpg
,0,0,/content/face_occlusion_data/Test/0/28_10_000011.jpg
,1,1,/content/face_occlusion_data/Test/1/6634.jpg
,1,1,/content/face_occlusion_data/Test/1/3845.jpg
,0,0,/content/face_occlusion_data/Test/0/100_35_000036.jpg
,1,1,/content/face_occlusion_data/Test/1/1944.jpg
,1,1,/content/face_occlusion_data/Test/1/363.jpg
,0,0,/content/face_occlusion_data/Test/0/162_0_000001.jpg
,1,1,/content/face_occlusion_data/Test/1/6222.jpg
,0,0,/content/face_occlusion_data/Test/0/90_45_000046.jpg
,1,1,/content/face_occlusion_data/Test/1/617.jpg
,0,0,/content/face_occlusion_data/Test/0/49_54_000055.jpg
,0,0,/content/face_occlusion_data/Test/0/61_7_000008.jpg
,1,1,/content/face_occlusion_data/Test/1/8604.jpg
,0,0,/content/face_occlusion_data/Test/0/4_3_000004.jpg
,1,1,/content/face_occlusion_data/Test/1/1809.jpg
,1,1,/content/face_occlusion_data/Test/1/7188.jpg
,0,0,/content/face_occlusion_data/Test/0/36_12_000013.jpg
,1,1,/content/face_occlusion_data/Test/1/7160.jpg
,1,1,/content/face_occlusion_data/Test/1/7147.jpg
,0,0,/content/face_occlusion_data/Test/0/171_4_000005.jpg
,1,1,/content/face_occlusion_data/Test/1/7030.jpg
,0,0,/content/face_occlusion_data/Test/0/80_9_000010.jpg
,1,1,/content/face_occlusion_data/Test/1/3656.jpg
,0,0,/content/face_occlusion_data/Test/0/2_203092959.jpg
,0,0,/content/face_occlusion_data/Test/0/144_24_000025.jpg
,0,0,/content/face_occlusion_data/Test/0/169_23_000024.jpg
,0,0,/content/face_occlusion_data/Test/0/55_33_000034.jpg
,0,0,/content/face_occlusion_data/Test/0/44_2_000003.jpg
,1,1,/content/face_occlusion_data/Test/1/1685.jpg
,1,0,/content/face_occlusion_data/Test/1/external0_1725134137.jpg
,0,0,/content/face_occlusion_data/Test/0/158_3_000004.jpg
,1,1,/content/face_occlusion_data/Test/1/783.jpg
,0,0,/content/face_occlusion_data/Test/0/80_0_000001.jpg
,0,0,/content/face_occlusion_data/Test/0/51_17_000018.jpg
,1,1,/content/face_occlusion_data/Test/1/266.jpg
,0,0,/content/face_occlusion_data/Test/0/27_30_000031.jpg
,0,0,/content/face_occlusion_data/Test/0/84_26_000027.jpg
,0,0,/content/face_occlusion_data/Test/0/130_23_000024.jpg
,1,1,/content/face_occlusion_data/Test/1/4881.jpg
,1,1,/content/face_occlusion_data/Test/1/594.jpg
,1,0,/content/face_occlusion_data/Test/1/4193.jpg
,1,1,/content/face_occlusion_data/Test/1/6996.jpg
,0,0,/content/face_occlusion_data/Test/0/26_52_000053.jpg
,0,0,/content/face_occlusion_data/Test/0/105_14_000015.jpg
,0,0,/content/face_occlusion_data/Test/0/10_7_000008.jpg
,1,1,/content/face_occlusion_data/Test/1/817.jpg
,0,0,/content/face_occlusion_data/Test/0/37_4_000005.jpg
,1,1,/content/face_occlusion_data/Test/1/745.jpg
,0,0,/content/face_occlusion_data/Test/0/52_45_000046.jpg
,1,1,/content/face_occlusion_data/Test/1/4685.jpg
,1,1,/content/face_occlusion_data/Test/1/383.jpg
,0,0,/content/face_occlusion_data/Test/0/48_31_000032.jpg
,0,0,/content/face_occlusion_data/Test/0/162_17_000018.jpg
,0,0,/content/face_occlusion_data/Test/0/27_13_000014.jpg
,0,0,/content/face_occlusion_data/Test/0/122_8_000009.jpg
,0,0,/content/face_occlusion_data/Test/0/38_14_000015.jpg
,1,1,/content/face_occlusion_data/Test/1/1469.jpg
,1,1,/content/face_occlusion_data/Test/1/1149.jpg
,0,0,/content/face_occlusion_data/Test/0/175_0_000001.jpg
,0,0,/content/face_occlusion_data/Test/0/91_1_000002.jpg
,0,0,/content/face_occlusion_data/Test/0/63_49_000050.jpg
,0,0,/content/face_occlusion_data/Test/0/119_18_000019.jpg
,0,0,/content/face_occlusion_data/Test/0/39_1_000002.jpg
,1,1,/content/face_occlusion_data/Test/1/4374.jpg
,1,1,/content/face_occlusion_data/Test/1/6653.jpg
,1,1,/content/face_occlusion_data/Test/1/2211.jpg
,1,1,/content/face_occlusion_data/Test/1/1060.jpg
,1,1,/content/face_occlusion_data/Test/1/3931.jpg
,1,1,/content/face_occlusion_data/Test/1/0_2232169333.jpg
,0,0,/content/face_occlusion_data/Test/0/32_9_000010.jpg
,0,0,/content/face_occlusion_data/Test/0/170_5_000006.jpg
,1,1,/content/face_occlusion_data/Test/1/1395.jpg
,1,1,/content/face_occlusion_data/Test/1/0_1896381418.jpg
,0,0,/content/face_occlusion_data/Test/0/109_7_000008.jpg
,0,0,/content/face_occlusion_data/Test/0/176_1_000002.jpg
,1,0,/content/face_occlusion_data/Test/1/5935.jpg
,0,0,/content/face_occlusion_data/Test/0/63_11_000012.jpg
,1,1,/content/face_occlusion_data/Test/1/6630.jpg
,1,1,/content/face_occlusion_data/Test/1/6374.jpg
,0,0,/content/face_occlusion_data/Test/0/0_20459913.jpg
,1,1,/content/face_occlusion_data/Test/1/687.jpg
,0,0,/content/face_occlusion_data/Test/0/4_20_000021.jpg
,0,0,/content/face_occlusion_data/Test/0/75_29_000030.jpg
,1,1,/content/face_occlusion_data/Test/1/124_1_000002.jpg
,1,1,/content/face_occlusion_data/Test/1/294.jpg
,1,1,/content/face_occlusion_data/Test/1/0_images_250.jpeg
,0,0,/content/face_occlusion_data/Test/0/43_39_000040.jpg
,1,1,/content/face_occlusion_data/Test/1/external0_2074061897.jpg
,1,1,/content/face_occlusion_data/Test/1/1080.jpg
,1,1,/content/face_occlusion_data/Test/1/external0_726824890.jpg
,0,0,/content/face_occlusion_data/Test/0/133_22_000023.jpg
,0,0,/content/face_occlusion_data/Test/0/119_0_000001.jpg
,1,1,/content/face_occlusion_data/Test/1/5894.jpg
,1,1,/content/face_occlusion_data/Test/1/4987.jpg
,1,1,/content/face_occlusion_data/Test/1/8460.jpg
,1,1,/content/face_occlusion_data/Test/1/6980.jpg
,1,0,/content/face_occlusion_data/Test/1/283.jpg
,0,0,/content/face_occlusion_data/Test/0/145_21_000022.jpg
,0,0,/content/face_occlusion_data/Test/0/49_27_000028.jpg
,0,0,/content/face_occlusion_data/Test/0/22_19_000020.jpg
,1,1,/content/face_occlusion_data/Test/1/2226.jpg
,1,1,/content/face_occlusion_data/Test/1/4051.jpg
,1,1,/content/face_occlusion_data/Test/1/1652.jpg
,0,0,/content/face_occlusion_data/Test/0/150_1_000002.jpg
,0,0,/content/face_occlusion_data/Test/0/127_7_000008.jpg
,1,1,/content/face_occlusion_data/Test/1/3550.jpg
,1,1,/content/face_occlusion_data/Test/1/0_humanwearingsunglasses347.jpeg
,1,1,/content/face_occlusion_data/Test/1/506.jpg
,1,1,/content/face_occlusion_data/Test/1/6984.jpg
,1,1,/content/face_occlusion_data/Test/1/8616.jpg
,1,1,/content/face_occlusion_data/Test/1/3012.jpg
,1,1,/content/face_occlusion_data/Test/1/1364.jpg
,1,1,/content/face_occlusion_data/Test/1/3549.jpg
,0,0,/content/face_occlusion_data/Test/0/51_27_000028.jpg
,1,1,/content/face_occlusion_data/Test/1/5797.jpg
,1,1,/content/face_occlusion_data/Test/1/external0_1937877424.jpg
,1,1,/content/face_occlusion_data/Test/1/4986.jpg
,0,0,/content/face_occlusion_data/Test/0/171_18_000023.jpg
,1,1,/content/face_occlusion_data/Test/1/5279.jpg
,0,0,/content/face_occlusion_data/Test/0/159_13_000014.jpg
,0,0,/content/face_occlusion_data/Test/0/6483.jpg
,1,1,/content/face_occlusion_data/Test/1/6579.jpg
,0,0,/content/face_occlusion_data/Test/0/172_35_000036.jpg
,0,0,/content/face_occlusion_data/Test/0/43_40_000041.jpg
,1,1,/content/face_occlusion_data/Test/1/395.jpg
,1,1,/content/face_occlusion_data/Test/1/1187.jpg
,0,0,/content/face_occlusion_data/Test/0/96_32_000033.jpg
,0,0,/content/face_occlusion_data/Test/0/80_14_000015.jpg
,1,1,/content/face_occlusion_data/Test/1/3206.jpg
,0,0,/content/face_occlusion_data/Test/0/114_28_000029.jpg
,1,1,/content/face_occlusion_data/Test/1/8649.jpg
,1,1,/content/face_occlusion_data/Test/1/4_humanwearingsunglasses120.jpeg
,0,0,/content/face_occlusion_data/Test/0/33_11_000012.jpg
,0,0,/content/face_occlusion_data/Test/0/17_10_000011.jpg
,0,0,/content/face_occlusion_data/Test/0/8_15_000016.jpg
,0,0,/content/face_occlusion_data/Test/0/180_10_000012.jpg
,0,0,/content/face_occlusion_data/Test/0/145_34_000035.jpg
,1,1,/content/face_occlusion_data/Test/1/2313.jpg
,0,0,/content/face_occlusion_data/Test/0/97_2_000003.jpg
,0,0,/content/face_occlusion_data/Test/0/170_15_000017.jpg
,1,1,/content/face_occlusion_data/Test/1/8358.jpg
,1,1,/content/face_occlusion_data/Test/1/941.jpg
,1,1,/content/face_occlusion_data/Test/1/3092.jpg
,0,0,/content/face_occlusion_data/Test/0/49_30_000031.jpg
,1,1,/content/face_occlusion_data/Test/1/7746.jpg
,0,0,/content/face_occlusion_data/Test/0/107_20_000021.jpg
,1,1,/content/face_occlusion_data/Test/1/7132.jpg
,1,1,/content/face_occlusion_data/Test/1/0_humanwearingsunglasses372.jpeg
,1,1,/content/face_occlusion_data/Test/1/4902.jpg
,0,0,/content/face_occlusion_data/Test/0/121_14_000015.jpg
,1,1,/content/face_occlusion_data/Test/1/7650.jpg
,0,0,/content/face_occlusion_data/Test/0/82_0_000001.jpg
,0,0,/content/face_occlusion_data/Test/0/27_35_000036.jpg
,0,0,/content/face_occlusion_data/Test/0/14_14_000015.jpg
,0,0,/content/face_occlusion_data/Test/0/64_3_000004.jpg
,0,0,/content/face_occlusion_data/Test/0/82_13_000014.jpg
,1,1,/content/face_occlusion_data/Test/1/8063.jpg
,0,0,/content/face_occlusion_data/Test/0/38_10_000011.jpg
,1,1,/content/face_occlusion_data/Test/1/0_humanwearingsunglasses191.jpeg
,1,0,/content/face_occlusion_data/Test/1/external0_2054804894.jpg
,1,1,/content/face_occlusion_data/Test/1/161.jpg
,1,1,/content/face_occlusion_data/Test/1/4799.jpg
,0,0,/content/face_occlusion_data/Test/0/86_9_000010.jpg
,0,0,/content/face_occlusion_data/Test/0/0_200884224.jpg
,1,1,/content/face_occlusion_data/Test/1/1889.jpg
,1,1,/content/face_occlusion_data/Test/1/3980.jpg
,1,1,/content/face_occlusion_data/Test/1/8038.jpg
,0,0,/content/face_occlusion_data/Test/0/61_11_000012.jpg
,1,1,/content/face_occlusion_data/Test/1/62_9_000010.jpg
,0,0,/content/face_occlusion_data/Test/0/150_25_000026.jpg
,1,1,/content/face_occlusion_data/Test/1/224.jpg
,0,0,/content/face_occlusion_data/Test/0/28_17_000018.jpg
,1,1,/content/face_occlusion_data/Test/1/477.jpg
,0,0,/content/face_occlusion_data/Test/0/125_55_000056.jpg
,0,1,/content/face_occlusion_data/Test/0/1495.jpg
,0,0,/content/face_occlusion_data/Test/0/13_40_000042.jpg
,1,1,/content/face_occlusion_data/Test/1/3451.jpg
,1,1,/content/face_occlusion_data/Test/1/878.jpg
,0,0,/content/face_occlusion_data/Test/0/78_11_000012.jpg
,0,0,/content/face_occlusion_data/Test/0/90_14_000015.jpg
,1,1,/content/face_occlusion_data/Test/1/7230.jpg
,0,0,/content/face_occlusion_data/Test/0/147_47_000048.jpg
,1,1,/content/face_occlusion_data/Test/1/7501.jpg
,0,0,/content/face_occlusion_data/Test/0/0_286.jpg
,0,0,/content/face_occlusion_data/Test/0/49_28_000029.jpg
,0,0,/content/face_occlusion_data/Test/0/77_7_000008.jpg
,0,0,/content/face_occlusion_data/Test/0/26_13_000014.jpg
,0,0,/content/face_occlusion_data/Test/0/91_5_000006.jpg
,0,0,/content/face_occlusion_data/Test/0/150_20_000021.jpg
,0,0,/content/face_occlusion_data/Test/0/59_14_000015.jpg
,0,0,/content/face_occlusion_data/Test/0/26_27_000028.jpg
,1,1,/content/face_occlusion_data/Test/1/4480.jpg
,0,0,/content/face_occlusion_data/Test/0/180_26_000028.jpg
,1,1,/content/face_occlusion_data/Test/1/3290.jpg
,0,0,/content/face_occlusion_data/Test/0/59_5_000006.jpg
,0,0,/content/face_occlusion_data/Test/0/3700.jpg
,1,1,/content/face_occlusion_data/Test/1/7224.jpg
,1,1,/content/face_occlusion_data/Test/1/0_humanwearingsunglasses392.jpeg
,0,0,/content/face_occlusion_data/Test/0/43_29_000030.jpg
,1,1,/content/face_occlusion_data/Test/1/144_45_000046.jpg
,0,0,/content/face_occlusion_data/Test/0/115_8_000009.jpg
,1,1,/content/face_occlusion_data/Test/1/7515.jpg
,1,1,/content/face_occlusion_data/Test/1/0_images_207.jpeg
,1,1,/content/face_occlusion_data/Test/1/591.jpg
,1,1,/content/face_occlusion_data/Test/1/1980.jpg
,1,1,/content/face_occlusion_data/Test/1/5156.jpg
,0,0,/content/face_occlusion_data/Test/0/98_8_000009.jpg
,1,1,/content/face_occlusion_data/Test/1/959.jpg
,1,1,/content/face_occlusion_data/Test/1/6316.jpg
,0,0,/content/face_occlusion_data/Test/0/115_46_000047.jpg
,0,0,/content/face_occlusion_data/Test/0/56_14_000015.jpg
,0,0,/content/face_occlusion_data/Test/0/2_20091952.jpg
,1,1,/content/face_occlusion_data/Test/1/8360.jpg
,1,1,/content/face_occlusion_data/Test/1/314.jpg
,1,1,/content/face_occlusion_data/Test/1/4555.jpg
,0,0,/content/face_occlusion_data/Test/0/163_37_000038.jpg
,1,1,/content/face_occlusion_data/Test/1/1539.jpg
,0,0,/content/face_occlusion_data/Test/0/90_20_000021.jpg
,0,0,/content/face_occlusion_data/Test/0/14_26_000027.jpg
,0,0,/content/face_occlusion_data/Test/0/165_10_000012.jpg
,0,0,/content/face_occlusion_data/Test/0/20_11_000012.jpg
,0,0,/content/face_occlusion_data/Test/0/18_34_000035.jpg
,0,0,/content/face_occlusion_data/Test/0/55_15_000016.jpg
,0,0,/content/face_occlusion_data/Test/0/1_7_000008.jpg
,1,1,/content/face_occlusion_data/Test/1/7810.jpg
,1,1,/content/face_occlusion_data/Test/1/7702.jpg
,0,0,/content/face_occlusion_data/Test/0/10_11_000012.jpg
,0,0,/content/face_occlusion_data/Test/0/112_15_000016.jpg
,1,1,/content/face_occlusion_data/Test/1/8157.jpg
,1,1,/content/face_occlusion_data/Test/1/2276.jpg
,0,0,/content/face_occlusion_data/Test/0/44_34_000035.jpg
,0,0,/content/face_occlusion_data/Test/0/117_15_000016.jpg
,1,1,/content/face_occlusion_data/Test/1/1572.jpg
,1,1,/content/face_occlusion_data/Test/1/5429.jpg
,0,0,/content/face_occlusion_data/Test/0/75_30_000031.jpg
,1,1,/content/face_occlusion_data/Test/1/3932.jpg
,0,0,/content/face_occlusion_data/Test/0/124_29_000030.jpg
,0,0,/content/face_occlusion_data/Test/0/35_30_000031.jpg
,1,1,/content/face_occlusion_data/Test/1/3354.jpg
,0,0,/content/face_occlusion_data/Test/0/23_5_000006.jpg
,0,0,/content/face_occlusion_data/Test/0/120_9_000010.jpg
,1,1,/content/face_occlusion_data/Test/1/7711.jpg
,1,1,/content/face_occlusion_data/Test/1/5094.jpg
,0,0,/content/face_occlusion_data/Test/0/36_3_000004.jpg
,0,0,/content/face_occlusion_data/Test/0/162_22_000023.jpg
,1,1,/content/face_occlusion_data/Test/1/4994.jpg
,0,0,/content/face_occlusion_data/Test/0/77_17_000018.jpg
,0,0,/content/face_occlusion_data/Test/0/63_57_000058.jpg
,1,1,/content/face_occlusion_data/Test/1/290.jpg
,1,1,/content/face_occlusion_data/Test/1/2931.jpg
,1,0,/content/face_occlusion_data/Test/1/external0_1708018525.jpg
,0,0,/content/face_occlusion_data/Test/0/74_19_000020.jpg
,1,1,/content/face_occlusion_data/Test/1/8410.jpg
,1,1,/content/face_occlusion_data/Test/1/3807.jpg
,1,1,/content/face_occlusion_data/Test/1/935.jpg
,1,1,/content/face_occlusion_data/Test/1/356.jpg
,0,0,/content/face_occlusion_data/Test/0/125_23_000024.jpg
,0,0,/content/face_occlusion_data/Test/0/69_10_000011.jpg
,0,0,/content/face_occlusion_data/Test/0/28_28_000029.jpg
,1,1,/content/face_occlusion_data/Test/1/2373.jpg
,1,1,/content/face_occlusion_data/Test/1/2_humanwearingsunglasses85.jpeg
,0,0,/content/face_occlusion_data/Test/0/19_11_000012.jpg
,0,0,/content/face_occlusion_data/Test/0/26_17_000018.jpg
,0,0,/content/face_occlusion_data/Test/0/43_3_000004.jpg
,0,0,/content/face_occlusion_data/Test/0/165_20_000022.jpg
,1,1,/content/face_occlusion_data/Test/1/2778.jpg
,1,1,/content/face_occlusion_data/Test/1/361.jpg
,0,0,/content/face_occlusion_data/Test/0/59_18_000019.jpg
,1,1,/content/face_occlusion_data/Test/1/1041.jpg
,1,1,/content/face_occlusion_data/Test/1/2850.jpg
,0,0,/content/face_occlusion_data/Test/0/101_3_000004.jpg
,0,0,/content/face_occlusion_data/Test/0/38_23_000024.jpg
,1,1,/content/face_occlusion_data/Test/1/7136.jpg
,0,0,/content/face_occlusion_data/Test/0/35_51_000052.jpg
,0,0,/content/face_occlusion_data/Test/0/56_19_000020.jpg
,0,0,/content/face_occlusion_data/Test/0/180_13_000015.jpg
,1,1,/content/face_occlusion_data/Test/1/1200.jpg
,1,1,/content/face_occlusion_data/Test/1/2_humanwearingsunglasses232.jpeg
,1,1,/content/face_occlusion_data/Test/1/2371.jpg
,0,0,/content/face_occlusion_data/Test/0/42_29_000030.jpg
,0,0,/content/face_occlusion_data/Test/0/159_7_000008.jpg
,1,1,/content/face_occlusion_data/Test/1/118.jpg
,0,0,/content/face_occlusion_data/Test/0/100_3_000004.jpg
,1,1,/content/face_occlusion_data/Test/1/7410.jpg
,0,0,/content/face_occlusion_data/Test/0/125_60_000061.jpg
,1,1,/content/face_occlusion_data/Test/1/7234.jpg
,1,1,/content/face_occlusion_data/Test/1/695.jpg
,0,0,/content/face_occlusion_data/Test/0/161_0_000001.jpg
,1,1,/content/face_occlusion_data/Test/1/390.jpg
,1,1,/content/face_occlusion_data/Test/1/1290.jpg
,1,1,/content/face_occlusion_data/Test/1/1953.jpg
,0,0,/content/face_occlusion_data/Test/0/24_19_000020.jpg
,0,0,/content/face_occlusion_data/Test/0/43_47_000048.jpg
,0,0,/content/face_occlusion_data/Test/0/2_11_000012.jpg
,0,0,/content/face_occlusion_data/Test/0/87_26_000027.jpg
,1,1,/content/face_occlusion_data/Test/1/4717.jpg
,0,0,/content/face_occlusion_data/Test/0/158_29_000030.jpg
,0,0,/content/face_occlusion_data/Test/0/159_47_000048.jpg
,0,0,/content/face_occlusion_data/Test/0/112_19_000020.jpg
,1,1,/content/face_occlusion_data/Test/1/3291.jpg
,0,0,/content/face_occlusion_data/Test/0/56_18_000019.jpg
,1,1,/content/face_occlusion_data/Test/1/8208.jpg
,0,0,/content/face_occlusion_data/Test/0/152_30_000031.jpg
,0,0,/content/face_occlusion_data/Test/0/32_35_000036.jpg
,0,0,/content/face_occlusion_data/Test/0/1_5_000006.jpg
,1,1,/content/face_occlusion_data/Test/1/0_245176450.jpg
,1,1,/content/face_occlusion_data/Test/1/5020.jpg
,0,0,/content/face_occlusion_data/Test/0/124_44_000045.jpg
,1,1,/content/face_occlusion_data/Test/1/4093.jpg
,1,1,/content/face_occlusion_data/Test/1/157_28_000029.jpg
,0,0,/content/face_occlusion_data/Test/0/60_24_000025.jpg
,1,1,/content/face_occlusion_data/Test/1/560.jpg
,0,0,/content/face_occlusion_data/Test/0/100_11_000012.jpg
,0,0,/content/face_occlusion_data/Test/0/18_0_000001.jpg
,1,1,/content/face_occlusion_data/Test/1/4516.jpg
,1,1,/content/face_occlusion_data/Test/1/3231.jpg
,1,1,/content/face_occlusion_data/Test/1/8517.jpg
,0,0,/content/face_occlusion_data/Test/0/5_3_000004.jpg
,0,0,/content/face_occlusion_data/Test/0/75_48_000049.jpg
,0,0,/content/face_occlusion_data/Test/0/51_23_000024.jpg
,1,1,/content/face_occlusion_data/Test/1/7146.jpg
,0,0,/content/face_occlusion_data/Test/0/119_5_000006.jpg
,0,0,/content/face_occlusion_data/Test/0/5_23_000024.jpg
,0,0,/content/face_occlusion_data/Test/0/121_3_000004.jpg
,0,0,/content/face_occlusion_data/Test/0/158_9_000010.jpg
,0,0,/content/face_occlusion_data/Test/0/83_38_000039.jpg
,1,1,/content/face_occlusion_data/Test/1/1431.jpg
,0,1,/content/face_occlusion_data/Test/0/115_22_000023.jpg
,1,1,/content/face_occlusion_data/Test/1/1399.jpg
,1,1,/content/face_occlusion_data/Test/1/7516.jpg
,0,0,/content/face_occlusion_data/Test/0/47_1_000002.jpg
,1,1,/content/face_occlusion_data/Test/1/3541.jpg
,1,1,/content/face_occlusion_data/Test/1/0_images_722.jpeg
,0,0,/content/face_occlusion_data/Test/0/155_5_000006.jpg
,1,1,/content/face_occlusion_data/Test/1/1544.jpg
,1,1,/content/face_occlusion_data/Test/1/3765.jpg
,0,0,/content/face_occlusion_data/Test/0/18_20091952.jpg
,1,1,/content/face_occlusion_data/Test/1/0_images_671.jpeg
,0,0,/content/face_occlusion_data/Test/0/84_20_000021.jpg
,0,0,/content/face_occlusion_data/Test/0/53_30_000031.jpg
,1,1,/content/face_occlusion_data/Test/1/6783.jpg
,1,1,/content/face_occlusion_data/Test/1/2840.jpg
,0,0,/content/face_occlusion_data/Test/0/147_36_000037.jpg
,1,1,/content/face_occlusion_data/Test/1/7694.jpg
,1,1,/content/face_occlusion_data/Test/1/3254.jpg
,0,0,/content/face_occlusion_data/Test/0/76_16_000017.jpg
,0,0,/content/face_occlusion_data/Test/0/171_21_000026.jpg
,1,1,/content/face_occlusion_data/Test/1/180.jpg
,0,0,/content/face_occlusion_data/Test/0/19_6_000007.jpg
,0,0,/content/face_occlusion_data/Test/0/110_13_000014.jpg
,1,1,/content/face_occlusion_data/Test/1/3947.jpg
,1,1,/content/face_occlusion_data/Test/1/7061.jpg
,0,0,/content/face_occlusion_data/Test/0/147_46_000047.jpg
,1,1,/content/face_occlusion_data/Test/1/0_2222792211.jpg
,1,1,/content/face_occlusion_data/Test/1/3251.jpg
,1,1,/content/face_occlusion_data/Test/1/external0_1937877427.jpg
,0,0,/content/face_occlusion_data/Test/0/48_68_000069.jpg
,1,1,/content/face_occlusion_data/Test/1/7774.jpg
,0,0,/content/face_occlusion_data/Test/0/44_41_000042.jpg
,0,0,/content/face_occlusion_data/Test/0/53_34_000035.jpg
,0,0,/content/face_occlusion_data/Test/0/92_5_000006.jpg
,1,1,/content/face_occlusion_data/Test/1/8134.jpg
,1,1,/content/face_occlusion_data/Test/1/5464.jpg
,1,1,/content/face_occlusion_data/Test/1/2318.jpg
,0,0,/content/face_occlusion_data/Test/0/73_3_000004.jpg
,1,1,/content/face_occlusion_data/Test/1/0_2183563349.jpg
,1,1,/content/face_occlusion_data/Test/1/3202.jpg
,1,1,/content/face_occlusion_data/Test/1/8070.jpg
,1,1,/content/face_occlusion_data/Test/1/5423.jpg
,1,1,/content/face_occlusion_data/Test/1/6928.jpg
,1,1,/content/face_occlusion_data/Test/1/164.jpg
,0,0,/content/face_occlusion_data/Test/0/46_14_000015.jpg
,0,0,/content/face_occlusion_data/Test/0/30_46_000047.jpg
,0,0,/content/face_occlusion_data/Test/0/84_6_000007.jpg
,1,1,/content/face_occlusion_data/Test/1/3313.jpg
,1,1,/content/face_occlusion_data/Test/1/2991.jpg
,1,1,/content/face_occlusion_data/Test/1/6664.jpg
,0,0,/content/face_occlusion_data/Test/0/56_6_000007.jpg
,1,1,/content/face_occlusion_data/Test/1/0_humanwearingsunglasses312.jpeg
,1,1,/content/face_occlusion_data/Test/1/5900.jpg
,0,0,/content/face_occlusion_data/Test/0/82_6_000007.jpg
,1,1,/content/face_occlusion_data/Test/1/7767.jpg
,0,0,/content/face_occlusion_data/Test/0/69_29_000030.jpg
,0,0,/content/face_occlusion_data/Test/0/30_48_000049.jpg
,0,0,/content/face_occlusion_data/Test/0/39_8_000009.jpg
,1,1,/content/face_occlusion_data/Test/1/587.jpg
,1,1,/content/face_occlusion_data/Test/1/0_humanwearingsunglasses200.jpeg
,1,1,/content/face_occlusion_data/Test/1/541.jpg
,1,1,/content/face_occlusion_data/Test/1/1074.jpg
,0,0,/content/face_occlusion_data/Test/0/136_6_000007.jpg
,1,1,/content/face_occlusion_data/Test/1/2681.jpg
,1,1,/content/face_occlusion_data/Test/1/980.jpg
,1,1,/content/face_occlusion_data/Test/1/4873.jpg
,1,1,/content/face_occlusion_data/Test/1/4952.jpg
,1,1,/content/face_occlusion_data/Test/1/3592.jpg
,0,0,/content/face_occlusion_data/Test/0/100_18_000019.jpg
,0,0,/content/face_occlusion_data/Test/0/12_8_000009.jpg
,1,1,/content/face_occlusion_data/Test/1/7682.jpg
,1,1,/content/face_occlusion_data/Test/1/4449.jpg
,1,1,/content/face_occlusion_data/Test/1/8122.jpg
,0,0,/content/face_occlusion_data/Test/0/91_19_000020.jpg
,0,0,/content/face_occlusion_data/Test/0/181_14_000017.jpg
,0,0,/content/face_occlusion_data/Test/0/145_12_000013.jpg
,0,0,/content/face_occlusion_data/Test/0/52_9_000010.jpg
,0,0,/content/face_occlusion_data/Test/0/36_22_000023.jpg
,1,1,/content/face_occlusion_data/Test/1/6353.jpg
,0,1,/content/face_occlusion_data/Test/0/7786.jpg
,0,0,/content/face_occlusion_data/Test/0/173_4_000005.jpg
,1,1,/content/face_occlusion_data/Test/1/6751.jpg
,0,0,/content/face_occlusion_data/Test/0/1529.jpg
,0,0,/content/face_occlusion_data/Test/0/139_7_000008.jpg
,0,0,/content/face_occlusion_data/Test/0/119_31_000032.jpg
,0,0,/content/face_occlusion_data/Test/0/135_4_000005.jpg
,1,1,/content/face_occlusion_data/Test/1/7187.jpg
,0,0,/content/face_occlusion_data/Test/0/168_2_000003.jpg
,1,0,/content/face_occlusion_data/Test/1/external0_287992484.jpg
,1,1,/content/face_occlusion_data/Test/1/2275.jpg
,1,1,/content/face_occlusion_data/Test/1/8837.jpg
,0,0,/content/face_occlusion_data/Test/0/52_49_000050.jpg
,1,1,/content/face_occlusion_data/Test/1/4752.jpg
,1,1,/content/face_occlusion_data/Test/1/8486.jpg
,1,1,/content/face_occlusion_data/Test/1/6805.jpg
,1,0,/content/face_occlusion_data/Test/1/5450.jpg
,0,0,/content/face_occlusion_data/Test/0/136_10_000011.jpg
,1,1,/content/face_occlusion_data/Test/1/4909.jpg
,1,1,/content/face_occlusion_data/Test/1/2059.jpg
,0,0,/content/face_occlusion_data/Test/0/45_49_000050.jpg
,0,0,/content/face_occlusion_data/Test/0/87_17_000018.jpg
,0,0,/content/face_occlusion_data/Test/0/177_10_000011.jpg
,1,1,/content/face_occlusion_data/Test/1/2485.jpg
,1,1,/content/face_occlusion_data/Test/1/6207.jpg
,0,0,/content/face_occlusion_data/Test/0/61_15_000016.jpg
,1,1,/content/face_occlusion_data/Test/1/2635.jpg
,1,1,/content/face_occlusion_data/Test/1/4190.jpg
,1,0,/content/face_occlusion_data/Test/1/124_46_000047.jpg
,0,0,/content/face_occlusion_data/Test/0/20_4_000005.jpg
,0,0,/content/face_occlusion_data/Test/0/152_12_000013.jpg
,1,1,/content/face_occlusion_data/Test/1/5007.jpg
,1,1,/content/face_occlusion_data/Test/1/2452.jpg
,0,0,/content/face_occlusion_data/Test/0/168_9_000010.jpg
,0,0,/content/face_occlusion_data/Test/0/36_28_000029.jpg
,0,0,/content/face_occlusion_data/Test/0/139_18_000019.jpg
,0,0,/content/face_occlusion_data/Test/0/118_15_000016.jpg
,0,0,/content/face_occlusion_data/Test/0/121_8_000009.jpg
,0,0,/content/face_occlusion_data/Test/0/59_12_000013.jpg
,1,1,/content/face_occlusion_data/Test/1/4152.jpg
,0,0,/content/face_occlusion_data/Test/0/158_50_000051.jpg
,1,1,/content/face_occlusion_data/Test/1/440.jpg
,0,0,/content/face_occlusion_data/Test/0/73_19_000020.jpg
,1,1,/content/face_occlusion_data/Test/1/1779.jpg
,1,1,/content/face_occlusion_data/Test/1/7782.jpg
,1,1,/content/face_occlusion_data/Test/1/2219.jpg
,0,0,/content/face_occlusion_data/Test/0/53_29_000030.jpg
,1,1,/content/face_occlusion_data/Test/1/3680.jpg
,0,0,/content/face_occlusion_data/Test/0/10_3_000004.jpg
,1,1,/content/face_occlusion_data/Test/1/6925.jpg
,1,1,/content/face_occlusion_data/Test/1/4267.jpg
,0,0,/content/face_occlusion_data/Test/0/86_17_000018.jpg
,0,0,/content/face_occlusion_data/Test/0/78_40_000041.jpg
,0,0,/content/face_occlusion_data/Test/0/177_32_000033.jpg
,0,0,/content/face_occlusion_data/Test/0/5_7_000008.jpg
,1,1,/content/face_occlusion_data/Test/1/7647.jpg
,0,0,/content/face_occlusion_data/Test/0/24_22_000023.jpg
,0,0,/content/face_occlusion_data/Test/0/119_30_000031.jpg
,1,1,/content/face_occlusion_data/Test/1/7564.jpg
,1,1,/content/face_occlusion_data/Test/1/7035.jpg
,0,0,/content/face_occlusion_data/Test/0/9_13_000014.jpg
,0,0,/content/face_occlusion_data/Test/0/42_22_000023.jpg
,0,0,/content/face_occlusion_data/Test/0/23_29_000030.jpg
,0,0,/content/face_occlusion_data/Test/0/168_8_000009.jpg
,1,1,/content/face_occlusion_data/Test/1/2526.jpg
,0,0,/content/face_occlusion_data/Test/0/133_42_000043.jpg
,0,0,/content/face_occlusion_data/Test/0/147_10_000011.jpg
,0,0,/content/face_occlusion_data/Test/0/161_13_000014.jpg
,1,1,/content/face_occlusion_data/Test/1/0_1655598157.jpg
,1,1,/content/face_occlusion_data/Test/1/8665.jpg
,1,1,/content/face_occlusion_data/Test/1/7406.jpg
,1,1,/content/face_occlusion_data/Test/1/461.jpg
,1,1,/content/face_occlusion_data/Test/1/1526.jpg
,0,0,/content/face_occlusion_data/Test/0/83_22_000023.jpg
,1,1,/content/face_occlusion_data/Test/1/3300.jpg
,0,0,/content/face_occlusion_data/Test/0/5874.jpg
,0,0,/content/face_occlusion_data/Test/0/161_23_000024.jpg
,1,1,/content/face_occlusion_data/Test/1/8207.jpg
,0,0,/content/face_occlusion_data/Test/0/27_22_000023.jpg
,1,1,/content/face_occlusion_data/Test/1/887.jpg
,0,0,/content/face_occlusion_data/Test/0/109_48_000049.jpg
,0,0,/content/face_occlusion_data/Test/0/30_35_000036.jpg
,0,0,/content/face_occlusion_data/Test/0/163_40_000041.jpg
,0,0,/content/face_occlusion_data/Test/0/79_1_000002.jpg
,1,1,/content/face_occlusion_data/Test/1/7966.jpg
,0,0,/content/face_occlusion_data/Test/0/24_24_000025.jpg
,1,1,/content/face_occlusion_data/Test/1/8093.jpg
,0,0,/content/face_occlusion_data/Test/0/57_2_000003.jpg
,1,1,/content/face_occlusion_data/Test/1/0_humanwearingsunglasses8.jpeg
,0,0,/content/face_occlusion_data/Test/0/166_7_000008.jpg
,0,0,/content/face_occlusion_data/Test/0/23_15_000016.jpg
,0,0,/content/face_occlusion_data/Test/0/49_55_000056.jpg
,0,0,/content/face_occlusion_data/Test/0/0_140.jpg
,1,1,/content/face_occlusion_data/Test/1/5701.jpg
,1,1,/content/face_occlusion_data/Test/1/6857.jpg
,1,1,/content/face_occlusion_data/Test/1/3006.jpg
,1,1,/content/face_occlusion_data/Test/1/2437.jpg
,1,1,/content/face_occlusion_data/Test/1/1328.jpg
,1,1,/content/face_occlusion_data/Test/1/1347.jpg
,1,1,/content/face_occlusion_data/Test/1/external0_481327237.jpg
,1,1,/content/face_occlusion_data/Test/1/2325.jpg
,1,1,/content/face_occlusion_data/Test/1/8112.jpg
,0,0,/content/face_occlusion_data/Test/0/147_41_000042.jpg
,0,0,/content/face_occlusion_data/Test/0/107_18_000019.jpg
,0,0,/content/face_occlusion_data/Test/0/34_0_000001.jpg
,0,0,/content/face_occlusion_data/Test/0/80_1_000002.jpg
,0,0,/content/face_occlusion_data/Test/0/67_7_000008.jpg
,1,0,/content/face_occlusion_data/Test/1/5152.jpg
,1,1,/content/face_occlusion_data/Test/1/7571.jpg
,1,1,/content/face_occlusion_data/Test/1/1013.jpg
,1,1,/content/face_occlusion_data/Test/1/1512.jpg
,1,1,/content/face_occlusion_data/Test/1/210.jpg
,0,0,/content/face_occlusion_data/Test/0/17_23_000024.jpg
,0,0,/content/face_occlusion_data/Test/0/91_0_000001.jpg
,1,1,/content/face_occlusion_data/Test/1/2739.jpg
,1,1,/content/face_occlusion_data/Test/1/8215.jpg
,1,1,/content/face_occlusion_data/Test/1/4768.jpg
,0,0,/content/face_occlusion_data/Test/0/39_21_000022.jpg
,0,0,/content/face_occlusion_data/Test/0/159_2_000003.jpg
,0,0,/content/face_occlusion_data/Test/0/169_0_000001.jpg
,0,0,/content/face_occlusion_data/Test/0/71_2_000003.jpg
,1,1,/content/face_occlusion_data/Test/1/8675.jpg
,1,1,/content/face_occlusion_data/Test/1/287.jpg
,0,0,/content/face_occlusion_data/Test/0/17_14_000015.jpg
,1,1,/content/face_occlusion_data/Test/1/5034.jpg
,1,1,/content/face_occlusion_data/Test/1/0_humanwearingsunglasses504.jpeg
,0,0,/content/face_occlusion_data/Test/0/61_2_000003.jpg
,0,0,/content/face_occlusion_data/Test/0/102_17_000018.jpg
,1,1,/content/face_occlusion_data/Test/1/6669.jpg
,1,0,/content/face_occlusion_data/Test/1/0_1945144714.jpg
,0,0,/content/face_occlusion_data/Test/0/122_13_000014.jpg
,0,0,/content/face_occlusion_data/Test/0/5301.jpg
,0,0,/content/face_occlusion_data/Test/0/111_17_000018.jpg
,1,1,/content/face_occlusion_data/Test/1/3460.jpg
,0,0,/content/face_occlusion_data/Test/0/24_2_000003.jpg
,0,0,/content/face_occlusion_data/Test/0/57_8_000009.jpg
,1,1,/content/face_occlusion_data/Test/1/2386.jpg
,0,0,/content/face_occlusion_data/Test/0/35_24_000025.jpg
,0,0,/content/face_occlusion_data/Test/0/45_39_000040.jpg
,0,0,/content/face_occlusion_data/Test/0/109_38_000039.jpg
,0,0,/content/face_occlusion_data/Test/0/19_1_000002.jpg
,1,1,/content/face_occlusion_data/Test/1/4887.jpg
,0,0,/content/face_occlusion_data/Test/0/84_1_000002.jpg
,1,1,/content/face_occlusion_data/Test/1/6767.jpg
,0,0,/content/face_occlusion_data/Test/0/88_2_000003.jpg
,0,0,/content/face_occlusion_data/Test/0/125_45_000046.jpg
,0,0,/content/face_occlusion_data/Test/0/168_13_000014.jpg
,0,0,/content/face_occlusion_data/Test/0/100_22_000023.jpg
,0,0,/content/face_occlusion_data/Test/0/12_10_000011.jpg
,1,1,/content/face_occlusion_data/Test/1/7632.jpg
,0,0,/content/face_occlusion_data/Test/0/138_1_000002.jpg
,1,1,/content/face_occlusion_data/Test/1/1861.jpg
,1,1,/content/face_occlusion_data/Test/1/4157.jpg
,0,0,/content/face_occlusion_data/Test/0/74_2_000003.jpg
,1,1,/content/face_occlusion_data/Test/1/2430.jpg
,1,1,/content/face_occlusion_data/Test/1/4131.jpg
,1,1,/content/face_occlusion_data/Test/1/5061.jpg
,0,0,/content/face_occlusion_data/Test/0/21_26_000027.jpg
,0,0,/content/face_occlusion_data/Test/0/49_16_000017.jpg
,1,1,/content/face_occlusion_data/Test/1/1983.jpg
,1,1,/content/face_occlusion_data/Test/1/0_humanwearingsunglasses230.jpeg
,0,0,/content/face_occlusion_data/Test/0/64_13_000014.jpg
,0,0,/content/face_occlusion_data/Test/0/55_20_000021.jpg
,1,1,/content/face_occlusion_data/Test/1/7319.jpg
,1,1,/content/face_occlusion_data/Test/1/2253.jpg
,1,0,/content/face_occlusion_data/Test/1/0_31306976.jpg
,1,1,/content/face_occlusion_data/Test/1/1398.jpg
,0,0,/content/face_occlusion_data/Test/0/32_16_000017.jpg
,0,0,/content/face_occlusion_data/Test/0/125_24_000025.jpg
,1,1,/content/face_occlusion_data/Test/1/6416.jpg
,1,1,/content/face_occlusion_data/Test/1/7512.jpg
,0,0,/content/face_occlusion_data/Test/0/63_59_000060.jpg
,1,1,/content/face_occlusion_data/Test/1/4099.jpg
,1,1,/content/face_occlusion_data/Test/1/8624.jpg
,0,0,/content/face_occlusion_data/Test/0/55_39_000040.jpg
,1,1,/content/face_occlusion_data/Test/1/5460.jpg
,0,0,/content/face_occlusion_data/Test/0/4_9_000010.jpg
,0,0,/content/face_occlusion_data/Test/0/57_5_000006.jpg
,1,1,/content/face_occlusion_data/Test/1/1679.jpg
,0,0,/content/face_occlusion_data/Test/0/91_21_000022.jpg
,1,1,/content/face_occlusion_data/Test/1/6526.jpg
,0,0,/content/face_occlusion_data/Test/0/74_23_000024.jpg
,0,0,/content/face_occlusion_data/Test/0/173_10_000011.jpg
,1,1,/content/face_occlusion_data/Test/1/212.jpg
,0,0,/content/face_occlusion_data/Test/0/145_57_000058.jpg
,1,1,/content/face_occlusion_data/Test/1/8268.jpg
,0,0,/content/face_occlusion_data/Test/0/98_24_000025.jpg
,0,0,/content/face_occlusion_data/Test/0/110_3_000004.jpg
,1,1,/content/face_occlusion_data/Test/1/8289.jpg
,0,0,/content/face_occlusion_data/Test/0/30_0_000001.jpg
,1,1,/content/face_occlusion_data/Test/1/3241.jpg
,0,0,/content/face_occlusion_data/Test/0/170_7_000008.jpg
,0,0,/content/face_occlusion_data/Test/0/28_4_000005.jpg
,0,0,/content/face_occlusion_data/Test/0/33_27_000028.jpg
,1,1,/content/face_occlusion_data/Test/1/1946.jpg
,0,0,/content/face_occlusion_data/Test/0/101_14_000015.jpg
,0,0,/content/face_occlusion_data/Test/0/17_54_000055.jpg
,0,0,/content/face_occlusion_data/Test/0/0_261460667.jpg
,1,1,/content/face_occlusion_data/Test/1/6499.jpg
,0,0,/content/face_occlusion_data/Test/0/114_13_000014.jpg
,0,0,/content/face_occlusion_data/Test/0/139_3_000004.jpg
,0,0,/content/face_occlusion_data/Test/0/33_24_000025.jpg
,1,1,/content/face_occlusion_data/Test/1/0_images_646.jpeg
,0,0,/content/face_occlusion_data/Test/0/163_2_000003.jpg
,0,0,/content/face_occlusion_data/Test/0/60_8_000009.jpg
,0,0,/content/face_occlusion_data/Test/0/162_13_000014.jpg
,1,0,/content/face_occlusion_data/Test/1/external0_2168506685.jpg
,0,0,/content/face_occlusion_data/Test/0/101_19_000020.jpg
,0,0,/content/face_occlusion_data/Test/0/148_12_000013.jpg
,1,1,/content/face_occlusion_data/Test/1/5481.jpg
,0,0,/content/face_occlusion_data/Test/0/30_10_000011.jpg
,0,0,/content/face_occlusion_data/Test/0/102_20_000021.jpg
,1,1,/content/face_occlusion_data/Test/1/1351.jpg
,1,1,/content/face_occlusion_data/Test/1/3113.jpg
,1,1,/content/face_occlusion_data/Test/1/128.jpg
,1,1,/content/face_occlusion_data/Test/1/8115.jpg
,0,0,/content/face_occlusion_data/Test/0/173_6_000007.jpg
,0,0,/content/face_occlusion_data/Test/0/113_32_000033.jpg
,0,0,/content/face_occlusion_data/Test/0/98_15_000016.jpg
,1,1,/content/face_occlusion_data/Test/1/2855.jpg
,0,0,/content/face_occlusion_data/Test/0/121_25_000026.jpg
,1,1,/content/face_occlusion_data/Test/1/external0_1043849239.jpg
,0,0,/content/face_occlusion_data/Test/0/39_32_000033.jpg
,1,1,/content/face_occlusion_data/Test/1/5820.jpg
,0,0,/content/face_occlusion_data/Test/0/127_10_000011.jpg
,0,0,/content/face_occlusion_data/Test/0/142_1_000002.jpg
,1,1,/content/face_occlusion_data/Test/1/4870.jpg
,1,1,/content/face_occlusion_data/Test/1/7316.jpg
,1,1,/content/face_occlusion_data/Test/1/0_688604107.jpg
,1,1,/content/face_occlusion_data/Test/1/2528.jpg
,0,0,/content/face_occlusion_data/Test/0/48_7_000008.jpg
,1,1,/content/face_occlusion_data/Test/1/7984.jpg
,1,1,/content/face_occlusion_data/Test/1/206.jpg
,0,0,/content/face_occlusion_data/Test/0/49_69_000070.jpg
,0,0,/content/face_occlusion_data/Test/0/76_27_000028.jpg
,1,1,/content/face_occlusion_data/Test/1/5726.jpg
,0,0,/content/face_occlusion_data/Test/0/35_12_000013.jpg
,0,0,/content/face_occlusion_data/Test/0/28_21_000022.jpg
,1,1,/content/face_occlusion_data/Test/1/8619.jpg
,1,1,/content/face_occlusion_data/Test/1/6893.jpg
,1,1,/content/face_occlusion_data/Test/1/6107.jpg
,0,0,/content/face_occlusion_data/Test/0/5494.jpg
,1,1,/content/face_occlusion_data/Test/1/6921.jpg
,1,1,/content/face_occlusion_data/Test/1/1940.jpg
,0,0,/content/face_occlusion_data/Test/0/91_17_000018.jpg
,0,0,/content/face_occlusion_data/Test/0/42_0_000001.jpg
,0,0,/content/face_occlusion_data/Test/0/133_28_000029.jpg
,0,0,/content/face_occlusion_data/Test/0/18_9_000010.jpg
,0,0,/content/face_occlusion_data/Test/0/1568.jpg
,1,1,/content/face_occlusion_data/Test/1/6032.jpg
,1,1,/content/face_occlusion_data/Test/1/4094.jpg
,0,0,/content/face_occlusion_data/Test/0/180_3_000004.jpg
,1,1,/content/face_occlusion_data/Test/1/5808.jpg
,1,1,/content/face_occlusion_data/Test/1/8639.jpg
,0,0,/content/face_occlusion_data/Test/0/78_20_000021.jpg
,0,0,/content/face_occlusion_data/Test/0/4968.jpg
,0,0,/content/face_occlusion_data/Test/0/101_1_000002.jpg
,1,1,/content/face_occlusion_data/Test/1/654.jpg
,1,1,/content/face_occlusion_data/Test/1/6803.jpg
,0,0,/content/face_occlusion_data/Test/0/181_0_000002.jpg
,1,1,/content/face_occlusion_data/Test/1/7183.jpg
,0,0,/content/face_occlusion_data/Test/0/117_37_000038.jpg
,1,1,/content/face_occlusion_data/Test/1/3744.jpg
,1,1,/content/face_occlusion_data/Test/1/1_humanwearingsunglasses400.jpeg
,1,1,/content/face_occlusion_data/Test/1/5777.jpg
,1,1,/content/face_occlusion_data/Test/1/5309.jpg
,1,1,/content/face_occlusion_data/Test/1/6383.jpg
,0,0,/content/face_occlusion_data/Test/0/20_17_000018.jpg
,0,0,/content/face_occlusion_data/Test/0/13_46_000048.jpg
,1,1,/content/face_occlusion_data/Test/1/3393.jpg
,1,1,/content/face_occlusion_data/Test/1/1213.jpg
,1,1,/content/face_occlusion_data/Test/1/6249.jpg
,0,0,/content/face_occlusion_data/Test/0/40_11_000012.jpg
,0,0,/content/face_occlusion_data/Test/0/66_8_000009.jpg
,0,0,/content/face_occlusion_data/Test/0/117_43_000044.jpg
,0,0,/content/face_occlusion_data/Test/0/144_25_000026.jpg
,1,1,/content/face_occlusion_data/Test/1/7109.jpg
,1,1,/content/face_occlusion_data/Test/1/45_23_000024.jpg
,1,0,/content/face_occlusion_data/Test/1/172_11_000012.jpg
,1,1,/content/face_occlusion_data/Test/1/2897.jpg
,0,0,/content/face_occlusion_data/Test/0/63_35_000036.jpg
,0,0,/content/face_occlusion_data/Test/0/117_39_000040.jpg
,1,1,/content/face_occlusion_data/Test/1/124_66_000067.jpg
,1,1,/content/face_occlusion_data/Test/1/8039.jpg
,0,0,/content/face_occlusion_data/Test/0/83_6_000007.jpg
,0,0,/content/face_occlusion_data/Test/0/75_13_000014.jpg
,1,1,/content/face_occlusion_data/Test/1/895.jpg
,1,1,/content/face_occlusion_data/Test/1/8762.jpg
,0,0,/content/face_occlusion_data/Test/0/56_8_000009.jpg
,0,0,/content/face_occlusion_data/Test/0/96_41_000042.jpg
,1,1,/content/face_occlusion_data/Test/1/5407.jpg
,1,1,/content/face_occlusion_data/Test/1/2863.jpg
,1,1,/content/face_occlusion_data/Test/1/2552.jpg
,0,0,/content/face_occlusion_data/Test/0/17_39_000040.jpg
,0,0,/content/face_occlusion_data/Test/0/52_41_000042.jpg
,0,0,/content/face_occlusion_data/Test/0/125_34_000035.jpg
,0,0,/content/face_occlusion_data/Test/0/117_24_000025.jpg
,1,1,/content/face_occlusion_data/Test/1/6059.jpg
,0,0,/content/face_occlusion_data/Test/0/43_41_000042.jpg
,1,1,/content/face_occlusion_data/Test/1/6743.jpg
,1,1,/content/face_occlusion_data/Test/1/4_humanwearingsunglasses400.jpeg
,0,0,/content/face_occlusion_data/Test/0/145_36_000037.jpg
,1,1,/content/face_occlusion_data/Test/1/243.jpg
,1,1,/content/face_occlusion_data/Test/1/5339.jpg
,0,0,/content/face_occlusion_data/Test/0/12_60_000061.jpg
,1,1,/content/face_occlusion_data/Test/1/5411.jpg
,1,1,/content/face_occlusion_data/Test/1/1842.jpg
,0,0,/content/face_occlusion_data/Test/0/159_27_000028.jpg
,1,1,/content/face_occlusion_data/Test/1/4235.jpg
,1,1,/content/face_occlusion_data/Test/1/17_31_000032.jpg
,0,0,/content/face_occlusion_data/Test/0/102_26_000027.jpg
,1,1,/content/face_occlusion_data/Test/1/7190.jpg
,1,1,/content/face_occlusion_data/Test/1/611.jpg
,1,1,/content/face_occlusion_data/Test/1/8678.jpg
,1,1,/content/face_occlusion_data/Test/1/540.jpg
,0,0,/content/face_occlusion_data/Test/0/142_50_000051.jpg
,0,0,/content/face_occlusion_data/Test/0/107_6_000007.jpg
,0,0,/content/face_occlusion_data/Test/0/108.jpg
,0,0,/content/face_occlusion_data/Test/0/82_18_000019.jpg
,1,1,/content/face_occlusion_data/Test/1/5389.jpg
,1,1,/content/face_occlusion_data/Test/1/1321.jpg
,1,1,/content/face_occlusion_data/Test/1/113.jpg
,0,0,/content/face_occlusion_data/Test/0/60_1_000002.jpg
,0,0,/content/face_occlusion_data/Test/0/132_27_000028.jpg
,1,1,/content/face_occlusion_data/Test/1/2374.jpg
,1,1,/content/face_occlusion_data/Test/1/1257.jpg
,0,0,/content/face_occlusion_data/Test/0/36_5_000006.jpg
,1,1,/content/face_occlusion_data/Test/1/8531.jpg
,1,1,/content/face_occlusion_data/Test/1/7705.jpg
,1,1,/content/face_occlusion_data/Test/1/1773.jpg
,0,0,/content/face_occlusion_data/Test/0/63_20_000021.jpg
,0,0,/content/face_occlusion_data/Test/0/167_4_000005.jpg
,1,1,/content/face_occlusion_data/Test/1/7960.jpg
,1,1,/content/face_occlusion_data/Test/1/3708.jpg
,0,0,/content/face_occlusion_data/Test/0/32_18_000019.jpg
,1,1,/content/face_occlusion_data/Test/1/602.jpg
,1,1,/content/face_occlusion_data/Test/1/0_images_743.jpeg
,0,0,/content/face_occlusion_data/Test/0/147_21_000022.jpg
,0,0,/content/face_occlusion_data/Test/0/87_8_000009.jpg
,0,0,/content/face_occlusion_data/Test/0/180_0_000001.jpg
,0,0,/content/face_occlusion_data/Test/0/85_33_000034.jpg
,0,0,/content/face_occlusion_data/Test/0/91_4_000005.jpg
,1,1,/content/face_occlusion_data/Test/1/2882.jpg
,0,0,/content/face_occlusion_data/Test/0/100_17_000018.jpg
,0,0,/content/face_occlusion_data/Test/0/98_20_000021.jpg
,1,1,/content/face_occlusion_data/Test/1/1301.jpg
,1,1,/content/face_occlusion_data/Test/1/5549.jpg
,0,0,/content/face_occlusion_data/Test/0/0_11297606.jpg
,1,1,/content/face_occlusion_data/Test/1/3544.jpg
,1,1,/content/face_occlusion_data/Test/1/1482.jpg
,0,0,/content/face_occlusion_data/Test/0/132_22_000023.jpg
,0,0,/content/face_occlusion_data/Test/0/80_22_000023.jpg
,0,0,/content/face_occlusion_data/Test/0/127_12_000013.jpg
,0,0,/content/face_occlusion_data/Test/0/130_27_000028.jpg
,1,1,/content/face_occlusion_data/Test/1/2869.jpg
,1,1,/content/face_occlusion_data/Test/1/8349.jpg
,1,1,/content/face_occlusion_data/Test/1/4777.jpg
,0,0,/content/face_occlusion_data/Test/0/125_43_000044.jpg
,1,1,/content/face_occlusion_data/Test/1/6795.jpg
,1,1,/content/face_occlusion_data/Test/1/2055.jpg
,1,1,/content/face_occlusion_data/Test/1/4695.jpg
,1,1,/content/face_occlusion_data/Test/1/external0_1215618907.jpg
,1,1,/content/face_occlusion_data/Test/1/6459.jpg
,0,0,/content/face_occlusion_data/Test/0/104_4_000005.jpg
,0,0,/content/face_occlusion_data/Test/0/0_151314201.jpg
,1,1,/content/face_occlusion_data/Test/1/917.jpg
,1,1,/content/face_occlusion_data/Test/1/1165.jpg
,1,1,/content/face_occlusion_data/Test/1/2466.jpg
,1,1,/content/face_occlusion_data/Test/1/3771.jpg
,1,0,/content/face_occlusion_data/Test/1/1599.jpg
,0,0,/content/face_occlusion_data/Test/0/109_19_000020.jpg
,1,1,/content/face_occlusion_data/Test/1/5758.jpg
,1,1,/content/face_occlusion_data/Test/1/7050.jpg
,1,1,/content/face_occlusion_data/Test/1/1021.jpg
,0,0,/content/face_occlusion_data/Test/0/172_33_000034.jpg
,1,1,/content/face_occlusion_data/Test/1/1204.jpg
,0,0,/content/face_occlusion_data/Test/0/78_19_000020.jpg
,1,1,/content/face_occlusion_data/Test/1/7842.jpg
,0,1,/content/face_occlusion_data/Test/0/118_32_000033.jpg
,1,1,/content/face_occlusion_data/Test/1/external0_728270749.jpg
,0,0,/content/face_occlusion_data/Test/0/107_11_000012.jpg
,0,0,/content/face_occlusion_data/Test/0/53_50_000051.jpg
,1,1,/content/face_occlusion_data/Test/1/2597.jpg
,1,1,/content/face_occlusion_data/Test/1/2298.jpg
,1,1,/content/face_occlusion_data/Test/1/6905.jpg
,0,0,/content/face_occlusion_data/Test/0/79_7_000008.jpg
,0,0,/content/face_occlusion_data/Test/0/82_7_000008.jpg
,1,1,/content/face_occlusion_data/Test/1/7275.jpg
,0,0,/content/face_occlusion_data/Test/0/13_4_000006.jpg
,0,0,/content/face_occlusion_data/Test/0/126_20_000021.jpg
,0,0,/content/face_occlusion_data/Test/0/151_12_000013.jpg
,1,1,/content/face_occlusion_data/Test/1/6560.jpg
,0,0,/content/face_occlusion_data/Test/0/39_33_000034.jpg
,0,0,/content/face_occlusion_data/Test/0/113_7_000008.jpg
,0,0,/content/face_occlusion_data/Test/0/139_9_000010.jpg
,1,1,/content/face_occlusion_data/Test/1/292.jpg
,0,0,/content/face_occlusion_data/Test/0/175_12_000019.jpg
,1,1,/content/face_occlusion_data/Test/1/7627.jpg
,1,1,/content/face_occlusion_data/Test/1/6327.jpg
,0,0,/content/face_occlusion_data/Test/0/115_11_000012.jpg
,0,0,/content/face_occlusion_data/Test/0/42_3_000004.jpg
,1,1,/content/face_occlusion_data/Test/1/1921.jpg
,1,1,/content/face_occlusion_data/Test/1/189.jpg
,0,0,/content/face_occlusion_data/Test/0/75_38_000039.jpg
,1,1,/content/face_occlusion_data/Test/1/0_humanwearingsunglasses436.jpeg
,1,1,/content/face_occlusion_data/Test/1/5512.jpg
,0,0,/content/face_occlusion_data/Test/0/66_0_000001.jpg
,1,1,/content/face_occlusion_data/Test/1/7350.jpg
,1,1,/content/face_occlusion_data/Test/1/4560.jpg
,0,0,/content/face_occlusion_data/Test/0/9_9_000010.jpg
,1,1,/content/face_occlusion_data/Test/1/0_humanwearingsunglasses57.jpeg
,1,1,/content/face_occlusion_data/Test/1/2009.jpg
,0,0,/content/face_occlusion_data/Test/0/63_38_000039.jpg
,0,0,/content/face_occlusion_data/Test/0/119_6_000007.jpg
,0,0,/content/face_occlusion_data/Test/0/134_14_000015.jpg
,0,0,/content/face_occlusion_data/Test/0/3_8_000009.jpg
,0,0,/content/face_occlusion_data/Test/0/71_31_000032.jpg
,1,1,/content/face_occlusion_data/Test/1/3780.jpg
,1,1,/content/face_occlusion_data/Test/1/2825.jpg
,0,0,/content/face_occlusion_data/Test/0/145_45_000046.jpg
,1,1,/content/face_occlusion_data/Test/1/1141.jpg
,1,1,/content/face_occlusion_data/Test/1/315.jpg
,1,1,/content/face_occlusion_data/Test/1/5730.jpg
,0,0,/content/face_occlusion_data/Test/0/106_17_000018.jpg
,1,1,/content/face_occlusion_data/Test/1/8343.jpg
,0,0,/content/face_occlusion_data/Test/0/13_31_000033.jpg
,0,0,/content/face_occlusion_data/Test/0/145_60_000061.jpg
,0,0,/content/face_occlusion_data/Test/0/48_1_000002.jpg
,0,0,/content/face_occlusion_data/Test/0/113_3_000004.jpg
,1,1,/content/face_occlusion_data/Test/1/682.jpg
,0,0,/content/face_occlusion_data/Test/0/171_6_000008.jpg
,0,0,/content/face_occlusion_data/Test/0/158_14_000015.jpg
,1,1,/content/face_occlusion_data/Test/1/6617.jpg
,0,0,/content/face_occlusion_data/Test/0/171_22_000027.jpg
,0,0,/content/face_occlusion_data/Test/0/172_18_000019.jpg
,1,1,/content/face_occlusion_data/Test/1/3368.jpg
,0,0,/content/face_occlusion_data/Test/0/84_40_000041.jpg
,0,0,/content/face_occlusion_data/Test/0/22_1_000002.jpg
,1,1,/content/face_occlusion_data/Test/1/8795.jpg
,0,0,/content/face_occlusion_data/Test/0/43_56_000057.jpg
,1,1,/content/face_occlusion_data/Test/1/1073.jpg
,1,1,/content/face_occlusion_data/Test/1/6833.jpg
,1,1,/content/face_occlusion_data/Test/1/external0_1948243915.jpg
,1,1,/content/face_occlusion_data/Test/1/7817.jpg
,0,0,/content/face_occlusion_data/Test/0/120_5_000006.jpg
,1,1,/content/face_occlusion_data/Test/1/7186.jpg
,0,0,/content/face_occlusion_data/Test/0/129_9_000010.jpg
,0,0,/content/face_occlusion_data/Test/0/75_35_000036.jpg
,1,1,/content/face_occlusion_data/Test/1/0_2166718953.jpg
,0,0,/content/face_occlusion_data/Test/0/23_28_000029.jpg
,0,0,/content/face_occlusion_data/Test/0/117_40_000041.jpg
,1,1,/content/face_occlusion_data/Test/1/559.jpg
,1,1,/content/face_occlusion_data/Test/1/5815.jpg
,0,0,/content/face_occlusion_data/Test/0/40_23_000024.jpg
,0,0,/content/face_occlusion_data/Test/0/37_9_000010.jpg
,0,0,/content/face_occlusion_data/Test/0/124_5_000006.jpg
,1,1,/content/face_occlusion_data/Test/1/552.jpg
,0,0,/content/face_occlusion_data/Test/0/155_23_000024.jpg
,0,0,/content/face_occlusion_data/Test/0/116_0_000001.jpg
,0,0,/content/face_occlusion_data/Test/0/4657.jpg
,0,0,/content/face_occlusion_data/Test/0/6055.jpg
,1,1,/content/face_occlusion_data/Test/1/0_images_643.jpeg
,1,1,/content/face_occlusion_data/Test/1/8654.jpg
,0,0,/content/face_occlusion_data/Test/0/108_25_000026.jpg
,1,1,/content/face_occlusion_data/Test/1/3315.jpg
,0,0,/content/face_occlusion_data/Test/0/95_12_000013.jpg
,0,0,/content/face_occlusion_data/Test/0/142_39_000040.jpg
,1,1,/content/face_occlusion_data/Test/1/5017.jpg
,0,0,/content/face_occlusion_data/Test/0/104_2_000003.jpg
,0,0,/content/face_occlusion_data/Test/0/0_4_000005.jpg
,1,1,/content/face_occlusion_data/Test/1/8097.jpg
,1,1,/content/face_occlusion_data/Test/1/1836.jpg
,0,0,/content/face_occlusion_data/Test/0/113_6_000007.jpg
,0,0,/content/face_occlusion_data/Test/0/96_7_000008.jpg
,0,0,/content/face_occlusion_data/Test/0/119_47_000048.jpg
,0,0,/content/face_occlusion_data/Test/0/52_46_000047.jpg
,0,1,/content/face_occlusion_data/Test/0/68_11_000012.jpg
,1,1,/content/face_occlusion_data/Test/1/3139.jpg
,0,0,/content/face_occlusion_data/Test/0/110_14_000015.jpg
,0,0,/content/face_occlusion_data/Test/0/75_42_000043.jpg
,1,1,/content/face_occlusion_data/Test/1/3600.jpg
,0,0,/content/face_occlusion_data/Test/0/75_19_000020.jpg
,1,1,/content/face_occlusion_data/Test/1/1355.jpg
,1,1,/content/face_occlusion_data/Test/1/1029.jpg
,0,0,/content/face_occlusion_data/Test/0/171_14_000019.jpg
,1,1,/content/face_occlusion_data/Test/1/1196.jpg
,0,0,/content/face_occlusion_data/Test/0/113_21_000022.jpg
,1,1,/content/face_occlusion_data/Test/1/2364.jpg
,0,0,/content/face_occlusion_data/Test/0/48_24_000025.jpg
,0,0,/content/face_occlusion_data/Test/0/1_203092959.jpg
,1,1,/content/face_occlusion_data/Test/1/1511.jpg
,0,0,/content/face_occlusion_data/Test/0/35_45_000046.jpg
,1,1,/content/face_occlusion_data/Test/1/3386.jpg
,0,0,/content/face_occlusion_data/Test/0/64_18_000019.jpg
,1,1,/content/face_occlusion_data/Test/1/8173.jpg
,1,1,/content/face_occlusion_data/Test/1/0_humanwearingsunglasses76.jpeg
,1,1,/content/face_occlusion_data/Test/1/4556.jpg
,0,0,/content/face_occlusion_data/Test/0/0_258212665.jpg
,1,1,/content/face_occlusion_data/Test/1/1978.jpg
,0,0,/content/face_occlusion_data/Test/0/20_18_000019.jpg
,1,1,/content/face_occlusion_data/Test/1/679.jpg
,0,0,/content/face_occlusion_data/Test/0/145_17_000018.jpg
,0,0,/content/face_occlusion_data/Test/0/8495.jpg
,1,1,/content/face_occlusion_data/Test/1/7591.jpg
,0,0,/content/face_occlusion_data/Test/0/70_15_000016.jpg
,0,0,/content/face_occlusion_data/Test/0/162_6_000007.jpg
,1,1,/content/face_occlusion_data/Test/1/3_humanwearingsunglasses534.jpeg
,1,1,/content/face_occlusion_data/Test/1/8426.jpg
,0,0,/content/face_occlusion_data/Test/0/82_20_000021.jpg
,1,1,/content/face_occlusion_data/Test/1/2127.jpg
,0,0,/content/face_occlusion_data/Test/0/45_47_000048.jpg
,1,1,/content/face_occlusion_data/Test/1/7305.jpg
,1,1,/content/face_occlusion_data/Test/1/2315.jpg
,0,0,/content/face_occlusion_data/Test/0/64_10_000011.jpg
,1,1,/content/face_occlusion_data/Test/1/8798.jpg
,0,0,/content/face_occlusion_data/Test/0/95_2_000003.jpg
,0,0,/content/face_occlusion_data/Test/0/45_52_000053.jpg
,1,1,/content/face_occlusion_data/Test/1/5810.jpg
,0,0,/content/face_occlusion_data/Test/0/176_16_000019.jpg
,1,1,/content/face_occlusion_data/Test/1/8299.jpg
,0,0,/content/face_occlusion_data/Test/0/1586.jpg
,1,1,/content/face_occlusion_data/Test/1/109_10_000011.jpg
,1,1,/content/face_occlusion_data/Test/1/1824.jpg
,0,0,/content/face_occlusion_data/Test/0/128_9_000010.jpg
,0,0,/content/face_occlusion_data/Test/0/127_9_000010.jpg
,1,1,/content/face_occlusion_data/Test/1/3723.jpg
,1,1,/content/face_occlusion_data/Test/1/2436.jpg
,0,0,/content/face_occlusion_data/Test/0/97_0_000001.jpg
,1,1,/content/face_occlusion_data/Test/1/3355.jpg
,1,1,/content/face_occlusion_data/Test/1/4249.jpg
,0,0,/content/face_occlusion_data/Test/0/19_5_000006.jpg
,1,1,/content/face_occlusion_data/Test/1/6863.jpg
,1,1,/content/face_occlusion_data/Test/1/7162.jpg
,1,1,/content/face_occlusion_data/Test/1/0_humanwearingsunglasses260.jpeg
,1,1,/content/face_occlusion_data/Test/1/7480.jpg
,1,1,/content/face_occlusion_data/Test/1/8159.jpg
,1,1,/content/face_occlusion_data/Test/1/external0_1349177711.jpg
,0,0,/content/face_occlusion_data/Test/0/48_41_000042.jpg
,0,0,/content/face_occlusion_data/Test/0/158_4_000005.jpg
,1,1,/content/face_occlusion_data/Test/1/4003.jpg
,1,1,/content/face_occlusion_data/Test/1/2742.jpg
,0,0,/content/face_occlusion_data/Test/0/43_36_000037.jpg
,1,1,/content/face_occlusion_data/Test/1/937.jpg
,0,0,/content/face_occlusion_data/Test/0/6_20_000021.jpg
,1,1,/content/face_occlusion_data/Test/1/8102.jpg
,0,0,/content/face_occlusion_data/Test/0/86_5_000006.jpg
,1,1,/content/face_occlusion_data/Test/1/2406.jpg
,0,0,/content/face_occlusion_data/Test/0/39_12_000013.jpg
,1,1,/content/face_occlusion_data/Test/1/0_images_714.jpeg
,0,0,/content/face_occlusion_data/Test/0/78_17_000018.jpg
